-- ============================================================
-- KPI 대시보드 실데이터 INSERT
-- 마케팅커뮤니케이션팀 2026년 업무 + 광고선전비 예산 매핑
-- ============================================================

-- ── OWNERS ──
INSERT INTO public.owners (id, name, team) VALUES
  ('3aab5e3b-c911-440f-aead-33565aa20bd1', '송하영', '마케팅커뮤니케이션팀'),
  ('344bd318-a845-4d88-8ab2-e15801434e0a', '송현진', '마케팅커뮤니케이션팀'),
  ('5a2001ff-9f9d-4958-bd57-be8996c83c1a', '이기환', '마케팅커뮤니케이션팀'),
  ('d79cdd4c-7368-4126-8d78-2af86f670812', '이다혜', '마케팅커뮤니케이션팀'),
  ('54d96ea3-b6f3-46bd-8af5-5bbe495f7700', '장우석', '마케팅커뮤니케이션팀');

-- ── KPIS ──
INSERT INTO public.kpis (id, title) VALUES
  ('4c8d6d94-28eb-497a-86b2-5beee82e72fc', 'SteerStar 리포지셔닝'),
  ('20162ce4-025f-4e34-acc6-e2ffbccd217f', '고객사 스토리 협업 콘텐츠 강화'),
  ('814b3f8c-eba7-4626-8cf4-e776cf7ac28f', 'Choice kit 확장 전개'),
  ('7b4eaa39-f577-431c-a478-1cc0b8705f9a', 'O2O 마케팅 리드 연계'),
  ('8612dd8e-fbcf-4582-a07e-39f128488872', '신규시장 진입 마케팅 패키지 설계'),
  ('71631217-cab5-4a77-90b6-cf676f2ba6dd', 'Value Proposition_New arrivals'),
  ('8e74a743-95bb-4818-bd13-052e256ff3b9', 'Chago 프로모션 콘텐츠 강화'),
  ('67b27c64-25dd-4547-81fc-8031d8e1ab75', '지역별 리스크 대응 자료 선제적 제공'),
  ('9d6c5217-b3f5-4c31-9fa9-2cb4a7257368', 'BizRewards 브랜딩 플랫폼으로 활용'),
  ('acf42254-5f77-41bd-ac73-8994e8c89ebe', '데이터 기반 콘텐츠 마케팅'),
  ('f5ddfc2c-c382-4b5e-97b0-f0c27f75f6db', '소셜 광고 효율성 제고'),
  ('8a5f3920-fb5d-4840-a088-e9e2985847a3', '지역별 마케팅 메시지맵');

-- ── TASKS ──
INSERT INTO public.tasks
  (title, owner_id, kpi_id, quarter, region,
   status, priority, progress, allocated_budget,
   spend, revenue, leads, started_at, due_date, notes)
VALUES
  ('SteerStar 리포지셔닝 전략/메시지 초안 확정', '54d96ea3-b6f3-46bd-8af5-5bbe495f7700', '4c8d6d94-28eb-497a-86b2-5beee82e72fc', '2026-Q1', 'KR',
   'done', 'medium', 100, 0,
   0, 0, 0, '2026-01-01', '2026-01-31', '완료'),
  ('모집 공고, 선정', '54d96ea3-b6f3-46bd-8af5-5bbe495f7700', '4c8d6d94-28eb-497a-86b2-5beee82e72fc', '2026-Q1', 'KR',
   'done', 'high', 100, 0,
   0, 0, 0, '2026-02-01', '2026-02-28', '모집공고 배포, 25일까지 접수후 27일 선정예정'),
  ('활동 시작, 상반기 추가 오더미션 수립(with 영업)', '54d96ea3-b6f3-46bd-8af5-5bbe495f7700', '4c8d6d94-28eb-497a-86b2-5beee82e72fc', '2026-Q1', 'KR',
   'done', 'high', 100, 111679091,
   0, 0, 0, '2026-03-01', '2026-03-31', '추가오더미션은 모두 수립완료했고, SteerStar 웰컴킷도 모두 제작 완료하여 4~5월내 선적에 포함 혹은 직접 배송할 예정입니다.
지역별로 활동계획도 수집하는 중이며, 4월내로 모든 계획 수립완료하고 추적관리해서 활동이 누락되지않도록 관리하겠습니다.'),
  ('협업 고객사 후보 리스트업 및 콘텐츠 KPI 기준선 정리', '5a2001ff-9f9d-4958-bd57-be8996c83c1a', '20162ce4-025f-4e34-acc6-e2ffbccd217f', '2026-Q1', 'KR',
   'done', 'medium', 100, 0,
   0, 0, 0, '2026-01-01', '2026-01-31', '2025-266/2026-293 https://docs.google.com/spreadsheets/d/1MTsw5OI0Q_XwTZ0OcezgWstqLXpM96CGbASpIyYaohg/edit?pli=1&gid=792997114#gid=792997114'),
  ('콘텐츠 제작 1건 완료, 광고 집행', '5a2001ff-9f9d-4958-bd57-be8996c83c1a', '20162ce4-025f-4e34-acc6-e2ffbccd217f', '2026-Q1', 'KR',
   'done', 'medium', 100, 8000000,
   0, 0, 0, '2026-02-01', '2026-02-28', '4월부터 Customer Voice 건으로 고객사들에게 제안을 시작할 예정이며, 5월~6월 중 촬영을 진행하여 7~8월 내 콘텐츠 발행을 계획하고 있습니다. 

현재까지 내부 논의를 통해 Kazakhstan과 Thailand에서 각각 1개 고객사와 진행하는 방향으로 검토 중입니다. 

또한 SteerStar 활동을 통해 협업 콘텐츠 제작이 가능한 추가 건이 있을지에 대해서도 함께 검토하고 있습니다.

https://app.swit.io/share-route?route_type=project&route_variables=210331011104458ASRu%2C23120501322543T5QY23%2C24070900511173EBPRDH%2C'),
  ('콘텐츠 기획, 콘텐츠 분기 성과 리포트', '5a2001ff-9f9d-4958-bd57-be8996c83c1a', '20162ce4-025f-4e34-acc6-e2ffbccd217f', '2026-Q1', 'KR',
   'done', 'medium', 100, 10000000,
   0, 0, 0, '2026-03-01', '2026-03-31', '26년 3월18일 기준 고객사 협업 콘텐츠는 총 3개 발행 완료 하였으며, 4월초까지 관련 데이터 취합 후 업데이트할 예정.

2분기에는 커스터머 보이스 진행을 위하여 협의도 시작할 예정. 

https://docs.google.com/spreadsheets/d/1MTsw5OI0Q_XwTZ0OcezgWstqLXpM96CGbASpIyYaohg/edit?usp=sharing'),
  ('Choice kit 타깃 지역 및 대상 활동 기획안 수립', '54d96ea3-b6f3-46bd-8af5-5bbe495f7700', '814b3f8c-eba7-4626-8cf4-e776cf7ac28f', '2026-Q1', 'KR',
   'done', 'medium', 100, 0,
   0, 0, 0, '2026-01-01', '2026-01-31', 'https://app.swit.io/share-route?route_type=project&route_variables=210331011104458ASRu%2C2512150458270654KWNK%2C26012101211491TDVD2N%2C'),
  ('Choice kit 타깃 지역 및 대상 활동 기획안 수립', '3aab5e3b-c911-440f-aead-33565aa20bd1', '814b3f8c-eba7-4626-8cf4-e776cf7ac28f', '2026-Q1', 'KR',
   'done', 'medium', 100, 0,
   0, 0, 0, '2026-01-01', '2026-01-31', 'https://app.swit.io/share-route?route_type=project&route_variables=210331011104458ASRu%2C2512150458270654KWNK%2C26012101213647KWKVML%2C'),
  ('영업/마케팅 제안자료 제작 및 적용 가이드 배포', '54d96ea3-b6f3-46bd-8af5-5bbe495f7700', '814b3f8c-eba7-4626-8cf4-e776cf7ac28f', '2026-Q1', 'KR',
   'done', 'medium', 100, 0,
   0, 0, 0, '2026-02-01', '2026-02-28', '프로모션 설명자료 배포완료 (12개 고객사)'),
  ('영업/마케팅 제안자료 제작 및 적용 가이드 배포', '3aab5e3b-c911-440f-aead-33565aa20bd1', '814b3f8c-eba7-4626-8cf4-e776cf7ac28f', '2026-Q1', 'KR',
   'done', 'medium', 100, 0,
   0, 0, 0, '2026-02-01', '2026-02-28', NULL),
  ('카달로그 준비', '54d96ea3-b6f3-46bd-8af5-5bbe495f7700', '814b3f8c-eba7-4626-8cf4-e776cf7ac28f', '2026-Q1', 'KR',
   'done', 'high', 100, 6750000,
   0, 0, 0, '2026-03-01', '2026-03-31', 'MENA 지역 이슈로 S.Abs 카탈로그는 완성후 배포, 중국차량 카탈로그 준비중 (데이터 확인중)'),
  ('Material 및 패키지 배포 개시 및 적용 결과 수집', '3aab5e3b-c911-440f-aead-33565aa20bd1', '814b3f8c-eba7-4626-8cf4-e776cf7ac28f', '2026-Q1', 'KR',
   'done', 'high', 100, 6750000,
   0, 0, 0, '2026-03-01', '2026-03-31', 'CIS 타겟 차종 확정 및 Materials, Content 기획, Asian 타겟 차종용 카달로그 제작 완료'),
  ('연간 전시/리드 정의/수집 프로세스 합의', '54d96ea3-b6f3-46bd-8af5-5bbe495f7700', '7b4eaa39-f577-431c-a478-1cc0b8705f9a', '2026-Q1', 'KR',
   'done', 'medium', 100, 0,
   0, 0, 0, '2026-01-01', '2026-01-31', 'SteerStar 대상 2000개 리드 수집 목표 세팅'),
  ('리드 정의/수집 프로세스 합의', '3aab5e3b-c911-440f-aead-33565aa20bd1', '7b4eaa39-f577-431c-a478-1cc0b8705f9a', '2026-Q1', 'KR',
   'done', 'medium', 100, 0,
   0, 0, 0, '2026-01-01', '2026-01-31', '8'),
  ('SteerStar 향 리드 수집 계획 협의 및 합의', '54d96ea3-b6f3-46bd-8af5-5bbe495f7700', '7b4eaa39-f577-431c-a478-1cc0b8705f9a', '2026-Q1', 'KR',
   'done', 'medium', 100, 26500000,
   0, 0, 0, '2026-02-01', '2026-02-28', 'SteerStar 메인 미션을 리드 수집으로 세팅하여 고객들의 오프라인 활동 확산 계획. 상세 활동 일정은 선정 이후 세팅.'),
  ('테크세미나 일정 계획 공유 요청, 수급', '3aab5e3b-c911-440f-aead-33565aa20bd1', '7b4eaa39-f577-431c-a478-1cc0b8705f9a', '2026-Q1', 'KR',
   'done', 'medium', 100, 26500000,
   0, 0, 0, '2026-02-01', '2026-02-28', '온, 오프라인 세미나, 고객 행사, 전시 관련 리드 수립 목표 확정'),
  ('Q1 행사 리드 수집 및 전환 가능 리드 분류/공유', '54d96ea3-b6f3-46bd-8af5-5bbe495f7700', '7b4eaa39-f577-431c-a478-1cc0b8705f9a', '2026-Q1', 'KR',
   'done', 'high', 100, 0,
   0, 0, 0, '2026-03-01', '2026-03-31', 'SteerStar 오프라인 활동 시작 후 집계 예정입니다.'),
  ('Q1 행사 리드 수집 및 전환 가능 리드 분류/공유', '3aab5e3b-c911-440f-aead-33565aa20bd1', '7b4eaa39-f577-431c-a478-1cc0b8705f9a', '2026-Q1', 'KR',
   'done', 'high', 100, 0,
   0, 0, 0, '2026-03-01', '2026-03-31', 'EU Work Shop Project 레퍼런스용 서베이 공유'),
  ('메시지맵 1차 완성(검토/보완 포함)', '54d96ea3-b6f3-46bd-8af5-5bbe495f7700', '8612dd8e-fbcf-4582-a07e-39f128488872', '2026-Q1', 'KR',
   'done', 'high', 100, 0,
   0, 0, 0, '2026-03-01', '2026-03-31', '아프리카 시장 대상 준비 (젠터파츠 협의 후 타겟시점 수립예정)'),
  ('메시지맵 1차 완성(검토/보완 포함)', '3aab5e3b-c911-440f-aead-33565aa20bd1', '8612dd8e-fbcf-4582-a07e-39f128488872', '2026-Q1', 'KR',
   'done', 'high', 100, 0,
   0, 0, 0, '2026-03-01', '2026-03-31', 'CIS 마케팅 패키지 프로그램 기획(오더 기반 BizRewards Credit 부여), Brake Pad Value Proposition 제작 완료'),
  ('메시지맵 1차 완성(검토/보완 포함)', '5a2001ff-9f9d-4958-bd57-be8996c83c1a', '8612dd8e-fbcf-4582-a07e-39f128488872', '2026-Q1', 'KR',
   'done', 'high', 100, 0,
   0, 0, 0, '2026-03-01', '2026-03-31', '3월23일부터 SEA팀과 미팅 시작하여 25일까지 1차 초안 내부 공유 후 3월30일까지 피드백 반영 할 예정'),
  ('패키지 1차 배포 및 현지 적용 준비', 'd79cdd4c-7368-4126-8d78-2af86f670812', '8612dd8e-fbcf-4582-a07e-39f128488872', '2026-Q1', 'KR',
   'done', 'high', 100, 0,
   0, 0, 0, '2026-03-01', '2026-03-31', '• 멕시코 프로모션 고객 안내 e-dm 제작하여 배포, 프로모션 경품 구매중 (법인카드 한도 증액중)
  • Lordco 회사소개서 3/25까지 배포 예정'),
  ('New arrivals 대상 품목 확정 및 기존 Value Prop 정리_이기환', '5a2001ff-9f9d-4958-bd57-be8996c83c1a', '71631217-cab5-4a77-90b6-cf676f2ba6dd', '2026-Q1', 'KR',
   'done', 'medium', 100, 0,
   0, 0, 0, '2026-01-01', '2026-01-31', 'center bearing 자료 수급. 정리, 샘플 촬영 완료.'),
  ('New arrivals 대상 품목 확정 및 기존 Value Prop 정리_장우석', '54d96ea3-b6f3-46bd-8af5-5bbe495f7700', '71631217-cab5-4a77-90b6-cf676f2ba6dd', '2026-Q1', 'KR',
   'done', 'medium', 100, 0,
   0, 0, 0, '2026-01-01', '2026-01-31', 'Custom parts sample 수급 완료. 이외 타 제품군 자료 요청 완료'),
  ('New arrivals 대상 품목 확정 및 기존 Value Prop 정리_이다혜', 'd79cdd4c-7368-4126-8d78-2af86f670812', '71631217-cab5-4a77-90b6-cf676f2ba6dd', '2026-Q1', 'KR',
   'done', 'medium', 100, 0,
   0, 0, 0, '2026-01-01', '2026-01-31', '개발팀 추가 자료 수급 완료.'),
  ('Center Bearing 기획, 바이럴 자료 제작', '5a2001ff-9f9d-4958-bd57-be8996c83c1a', '71631217-cab5-4a77-90b6-cf676f2ba6dd', '2026-Q1', 'KR',
   'done', 'medium', 100, 0,
   0, 0, 0, '2026-02-01', '2026-02-28', '제품 관련 자료가 부족하여 제품 홍보자료 제작에 필요한 추가 자료를 정리해 개발 담당자님께 요청드린 상태이며, 개발팀 담당자님께서 아웃소싱하는 업체에게 이에 대한 내용을 요청한 상태입니다. 
https://app.swit.io/share-route?route_type=project&route_variables=210331011104458ASRu%2C2512150458270654KWNK%2C25111004593855410CW9%2C'),
  ('B/D 개별 자료 기획, 캠페인 기획', '344bd318-a845-4d88-8ab2-e15801434e0a', '71631217-cab5-4a77-90b6-cf676f2ba6dd', '2026-Q1', 'KR',
   'done', 'medium', 100, 0,
   0, 0, 0, '2026-02-01', '2026-02-28', 'https://app.swit.io/share-route?route_type=project&route_variables=210331011104458ASRu%2C2512150458270654KWNK%2C25111008033196H2DORO%2C'),
  ('custom parts (tie rod) 관련 기획 및 팔로업 일정 수립', '54d96ea3-b6f3-46bd-8af5-5bbe495f7700', '71631217-cab5-4a77-90b6-cf676f2ba6dd', '2026-Q1', 'KR',
   'done', 'medium', 100, 0,
   0, 0, 0, '2026-02-01', '2026-02-28', 'https://app.swit.io/share-route?route_type=project&route_variables=210331011104458ASRu%2C2512150458270654KWNK%2C26010506280921ONYMLF%2C
신규고객 대상 영업활동을 위한 홍보전략 수립'),
  ('S/A 개별 자료 기획, 제작 완료.', 'd79cdd4c-7368-4126-8d78-2af86f670812', '71631217-cab5-4a77-90b6-cf676f2ba6dd', '2026-Q1', 'KR',
   'done', 'medium', 100, 0,
   0, 0, 0, '2026-02-01', '2026-02-28', 'https://ctrcentral-my.sharepoint.com/:p:/r/personal/ctrfs17_ctr_co_kr/_layouts/15/Doc.aspx?sourcedoc=%7BA3CDE49C-4D54-4E3D-97AE-3B52D6446E9D%7D&file=GOLD%20%EC%8B%9C%ED%97%98%EC%9E%90%EB%A3%8C%20%EC%A0%95%EB%A6%AC.pptx&action=edit&mobileredirect=true, https://ctrcentral-my.sharepoint.com/:x:/g/personal/ctrfs17_ctr_co_kr/IQB94XUU7lmOSacWmgyeHiqUAf1gCO8BLDO4AgH07KKzjEA?e=uBbDOb&nav=MTVfezAwMDAwMDAwLTAwMDEtMDAwMC0wMDAwLTAwMDAwMDAwMDAwMH0'),
  ('세일즈킷/콘텐츠 적용 반영 및 피드백 반영', '5a2001ff-9f9d-4958-bd57-be8996c83c1a', '71631217-cab5-4a77-90b6-cf676f2ba6dd', '2026-Q1', 'KR',
   'done', 'medium', 100, 0,
   0, 0, 0, '2026-03-01', '2026-03-31', '커스텀 파츠(Custom Parts)는 PPT 제작 및 상세페이지 제작을 완료하여 홈페이지에 게시한 상태입니다.
추가로 현재는 제품 라인 명칭, 패키지 디자인, 로고 개발, 브랜딩 작업을 기반으로 한 PPT 소개자료 제작을 진행 중이며, 3월 내 1차 완료를 목표로 하고 있습니다.

센터 베어링(Center Bearing)은 홍보자료 제작을 위해 필요한 추가 자료를 담당자님께 요청드린 후 현재 공유 대기 중이며, 4월 중 작업 착수가 가능할 것으로 예상됩니다. 개발 담당자님이 협업사측에 관련 문의를 드린 것 까지 확인 완료.'),
  ('세일즈킷/콘텐츠 적용 반영 및 피드백 반영', '344bd318-a845-4d88-8ab2-e15801434e0a', '71631217-cab5-4a77-90b6-cf676f2ba6dd', '2026-Q1', 'KR',
   'done', 'medium', 100, 0,
   0, 0, 0, '2026-03-01', '2026-03-31', 'https://ctrcentral-my.sharepoint.com/:p:/r/personal/106209_ctr_co_kr/Documents/Value%20proposition/Brake%20Disc%20VP%20%EB%82%B4%EC%9A%A9%EC%A0%95%EB%A6%AC_v1.pptx?d=wa6b7c25bacdd4555b6df7c5bb708cc36&csf=1&web=1&e=noWJAd
협력사, 상품소싱개발팀 검토 완료'),
  ('세일즈킷/콘텐츠 적용 반영 및 피드백 반영', '54d96ea3-b6f3-46bd-8af5-5bbe495f7700', '71631217-cab5-4a77-90b6-cf676f2ba6dd', '2026-Q1', 'KR',
   'done', 'medium', 100, 0,
   0, 0, 0, '2026-03-01', '2026-03-31', 'https://app.swit.io/share-route?route_type=project&route_variables=210331011104458ASRu%2C2512150458270654KWNK%2C2601070646231840I5BB%2C

중국차종 부품은 4월말~5월초 카탈로그 배포를 목적으로 준비중입니다. 홍보를 위한 메세지 전략은 완성했고 팀내에 공유하여 카탈로그 배포 시점에 지역별 홍보전략을 수립하도록 하겠습니다. 

헤비듀티는 NS팀과 영업팀에서 영업활동을 할 수 있게 4월까지 회사소개+헤비듀티 소개 자료를 배포할 예정입니다.'),
  ('세일즈킷/콘텐츠 적용 반영 및 피드백 반영', 'd79cdd4c-7368-4126-8d78-2af86f670812', '71631217-cab5-4a77-90b6-cf676f2ba6dd', '2026-Q1', 'KR',
   'done', 'medium', 100, 0,
   0, 0, 0, '2026-03-01', '2026-03-31', NULL),
  ('1월 리스트 대응 & 2월 접수안 계획 세팅', '5a2001ff-9f9d-4958-bd57-be8996c83c1a', '67b27c64-25dd-4547-81fc-8031d8e1ab75', '2026-Q1', 'KR',
   'done', 'medium', 100, 0,
   0, 0, 0, '2026-02-01', '2026-02-28', '프로젝트 관련하여 품질팀과 미팅을 진행했으며, 현재 콘텐츠 제작을 위한 주제들을 리스트업하는 중입니다. 

3월 중으로 관련 주제 취합이 완료될 예정이며, 4월부터 콘텐츠 제작 관련 미팅을 진행하여 2분기 내 관련 대응 자료 제작이 가능할 것으로 예상됩니다.

https://ctrcentral-my.sharepoint.com/:x:/r/personal/ctrfs17_ctr_co_kr/Documents/%EB%A7%88%EC%BC%80%ED%8C%85%ED%8C%80/09.%20%EC%BD%98%ED%85%90%EC%B8%A0/2026%20Customer%20Claim%20List_Marcomm.xlsx?d=wd0aad8b38d8848b493c0857489768c07&csf=1&web=1&e=fCdpDm'),
  ('1월 리스트 대응 & 2월 접수안 계획 세팅', '344bd318-a845-4d88-8ab2-e15801434e0a', '67b27c64-25dd-4547-81fc-8031d8e1ab75', '2026-Q1', 'KR',
   'done', 'medium', 100, 0,
   0, 0, 0, '2026-02-01', '2026-02-28', 'https://ctrcentral-my.sharepoint.com/:x:/r/personal/ctrfs17_ctr_co_kr/Documents/%EB%A7%88%EC%BC%80%ED%8C%85%ED%8C%80/09.%20%EC%BD%98%ED%85%90%EC%B8%A0/2026%20Customer%20Claim%20List_Marcomm.xlsx?d=wd0aad8b38d8848b493c0857489768c07&csf=1&web=1&e=RMrE0m'),
  ('2월 리스트 대응 & 3월 사례  대응안 세팅', '5a2001ff-9f9d-4958-bd57-be8996c83c1a', '67b27c64-25dd-4547-81fc-8031d8e1ab75', '2026-Q1', 'KR',
   'done', 'medium', 100, 0,
   0, 0, 0, '2026-03-01', '2026-03-31', '품질팀과 관련하여 1차적으로 미팅 진행하였으며, 4월중으로 협업 콘텐츠 제작을 위한 미팅을 추가로 진행할 예정. 

올해 1~2월 고객사로부터 접수된 클레임은 현재 대부분 검토 단계에 있으며, 아직 명확한 원인 분석 및 해결 방안이 도출된 건은 없는 상황입니다.
그래서 1분기 발생 클레임은 3~4분기 중 원인 및 해결 방안이 확정되는 대로, 품질팀과 협업하여 순차적으로 대응 자료를 제작할 예정입니다.

따라서 1분디~2분기에는 작년 접수된 클레임 중 이미 해결이 완료된 건을 우선 검토하고, 이 중 제조사 책임이 아닌 사례를 선별하여 대응 자료로 활용하는 방향에 대해 논의하였습니다. 
현재 품질팀에서 2025년 클레임 건들을 검토 중이며, 3월 중 관련 리스트를 전달받기로 협의된 상태입니다.

https://ctrcentral-my.sharepoint.com/:x:/r/personal/ctrfs17_ctr_co_kr/Documents/%EB%A7%88%EC%BC%80%ED%8C%85%ED%8C%80/09.%20%EC%BD%98%ED%85%90%EC%B8%A0/2026%20Customer%20Claim%20List_Marcomm.xlsx?d=wd0aad8b38d8848b493c0857489768c07&csf=1&web=1&e=0SYAn3'),
  ('2월 리스트 대응 & 3월 사례  대응안 세팅', '344bd318-a845-4d88-8ab2-e15801434e0a', '67b27c64-25dd-4547-81fc-8031d8e1ab75', '2026-Q1', 'KR',
   'done', 'medium', 100, 0,
   0, 0, 0, '2026-03-01', '2026-03-31', 'https://ctrcentral-my.sharepoint.com/:x:/r/personal/ctrfs17_ctr_co_kr/Documents/%EB%A7%88%EC%BC%80%ED%8C%85%ED%8C%80/09.%20%EC%BD%98%ED%85%90%EC%B8%A0/2026%20Customer%20Claim%20List_Marcomm.xlsx?d=wd0aad8b38d8848b493c0857489768c07&csf=1&web=1&e=Uu3qK8
품질팀과 리스크 대응자료 제작을 위한 미팅진행 및 마케팅 대응자료 제작 계획 공유'),
  ('BizRewards 사용 현황/고객 기준선 및 목표 정의', '344bd318-a845-4d88-8ab2-e15801434e0a', '9d6c5217-b3f5-4c31-9fa9-2cb4a7257368', '2026-Q1', 'KR',
   'done', 'medium', 100, 0,
   0, 0, 0, '2026-01-01', '2026-01-31', NULL),
  ('플랫폼 점검, 베타 테스트, 세금, 특별한 제품에 대한 물류 관련 이슈 검토, 통신 판매업 신고 완료', '344bd318-a845-4d88-8ab2-e15801434e0a', '9d6c5217-b3f5-4c31-9fa9-2cb4a7257368', '2026-Q1', 'KR',
   'done', 'medium', 100, 15000000,
   0, 0, 0, '2026-02-01', '2026-02-28', 'https://app.swit.io/share-route?route_type=project&route_variables=210331011104458ASRu%2C2512150458270654KWNK%2C26010200104662KN2UQ0%2C'),
  ('캠페인 론칭 및 참여 고객사 1차 확보', '344bd318-a845-4d88-8ab2-e15801434e0a', '9d6c5217-b3f5-4c31-9fa9-2cb4a7257368', '2026-Q1', 'KR',
   'done', 'high', 100, 20000000,
   0, 0, 0, '2026-03-01', '2026-03-31', 'https://ctrcentral-my.sharepoint.com/:f:/r/personal/ctrfs17_ctr_co_kr/Documents/%EB%A7%88%EC%BC%80%ED%8C%85%ED%8C%80/10.%20POS/BizRewards?csf=1&web=1&e=ggIlki
BizRewards 가입 고객사 수: 40, 실제 주문 수:2
웰컴 이벤트, Steerstar 1차 모객 크레딧 제공 이벤트 진행'),
  ('Engagement 기준선 산출 및 리포트 템플릿 확정', '344bd318-a845-4d88-8ab2-e15801434e0a', 'acf42254-5f77-41bd-ac73-8994e8c89ebe', '2026-Q1', 'KR',
   'done', 'medium', 100, 0,
   0, 0, 0, '2026-01-01', '2026-01-31', '4,381,186'),
  ('콘텐츠 개선안 적용 및 테스트', '344bd318-a845-4d88-8ab2-e15801434e0a', 'acf42254-5f77-41bd-ac73-8994e8c89ebe', '2026-Q1', 'KR',
   'done', 'high', 100, 0,
   0, 0, 0, '2026-02-01', '2026-02-28', '10,066,956'),
  ('성과 비교 분석 및 다음 분기 개선안 정리', '344bd318-a845-4d88-8ab2-e15801434e0a', 'acf42254-5f77-41bd-ac73-8994e8c89ebe', '2026-Q1', 'KR',
   'done', 'medium', 100, 0,
   0, 0, 0, '2026-03-01', '2026-03-31', '16,195,660
특정 국가 및 고객사 대상 컨텐츠 신규 광고 집행 방식 도입
LinkedIn, WhatsApp 채널 광고 소액 집행 (효율 검증 진행 중)
Facebook, Instagram 다크애드(비게시형 고객 데이터 기반 정밀 타겟팅) 집행'),
  ('클릭 기준선/비효율 캠페인 식별', '5a2001ff-9f9d-4958-bd57-be8996c83c1a', 'f5ddfc2c-c382-4b5e-97b0-f0c27f75f6db', '2026-Q1', 'KR',
   'done', 'medium', 100, 0,
   0, 0, 0, '2026-01-01', '2026-01-31', '26년 1월 월간 수치: 97,004
 (링크: https://ctrcentral-my.sharepoint.com/:x:/g/personal/ctrfs17_ctr_co_kr/IQCBh3-yfnljS7rp8Wk4pDMsAcTqtSMZdh1dGTvakfKLe4c?e=Xj8OdO)'),
  ('소재/타깃/랜딩 A/B 테스트 설계 및 1차 실행', '5a2001ff-9f9d-4958-bd57-be8996c83c1a', 'f5ddfc2c-c382-4b5e-97b0-f0c27f75f6db', '2026-Q1', 'KR',
   'done', 'high', 100, 100000000,
   0, 0, 0, '2026-02-01', '2026-02-28', '2월 달성 수치: 105,568 
2026년 누적 수치:  237,566

링크: https://ctrcentral-my.sharepoint.com/:x:/g/personal/106209_ctr_co_kr/IQBLmf-VkLy_RLEqsjergUYnAY42mPj4fvKxv3hP_BB1FJ4?e=gVxNMe

3월부터는 본격적으로 ‘클릭’ 광고에 비용을 투자하여 수치를 안정화할 예정입니다.
1~2월은 클릭 광고의 효율을 확인하기 위한 테스트 단계로, 비용을 제한적으로 집행했습니다.

테스트를 먼저 진행한 이유는 기존에 링크 클릭 목적의 광고를 집행한 이력이 없어 효율 측정이 필요했기 때문이며, Engagement 등 다른 KPI 달성을 위한 예산도 함께 고려하여 운영해야 했기 때문입니다.'),
  ('클릭 증가율 점검 및 고효율 조합 표준화', '5a2001ff-9f9d-4958-bd57-be8996c83c1a', 'f5ddfc2c-c382-4b5e-97b0-f0c27f75f6db', '2026-Q1', 'KR',
   'done', 'medium', 100, 100000000,
   0, 0, 0, '2026-03-01', '2026-03-31', '4월초에 업데이트 예정'),
  ('메시지맵 구조 확정 및 이해', '3aab5e3b-c911-440f-aead-33565aa20bd1', '8a5f3920-fb5d-4840-a088-e9e2985847a3', '2026-Q1', 'KR',
   'done', 'medium', 100, 0,
   0, 0, 0, '2026-01-01', '2026-01-31', 'https://ctrcentral-my.sharepoint.com/:f:/r/personal/ctrfs17_ctr_co_kr/Documents/%EB%A7%88%EC%BC%80%ED%8C%85%ED%8C%80/09.%20%EC%BD%98%ED%85%90%EC%B8%A0?csf=1&web=1&e=dhVlGr&nav=MTVfezE2NkYyQ0YzLTc0QzMtNDAwMS1BRTU2LTVENTM2QUQ2RjZBOH0'),
  ('메시지맵 구조 확정 및 이해', '5a2001ff-9f9d-4958-bd57-be8996c83c1a', '8a5f3920-fb5d-4840-a088-e9e2985847a3', '2026-Q1', 'KR',
   'done', 'medium', 100, 0,
   0, 0, 0, '2026-01-01', '2026-01-31', 'https://ctrcentral-my.sharepoint.com/:f:/r/personal/ctrfs17_ctr_co_kr/Documents/%EB%A7%88%EC%BC%80%ED%8C%85%ED%8C%80/09.%20%EC%BD%98%ED%85%90%EC%B8%A0?csf=1&web=1&e=dhVlGr&nav=MTVfezE2NkYyQ0YzLTc0QzMtNDAwMS1BRTU2LTVENTM2QUQ2RjZBOH0'),
  ('메시지맵 구조 확정 및 이해', 'd79cdd4c-7368-4126-8d78-2af86f670812', '8a5f3920-fb5d-4840-a088-e9e2985847a3', '2026-Q1', 'KR',
   'done', 'medium', 100, 0,
   0, 0, 0, '2026-01-01', '2026-01-31', 'https://ctrcentral-my.sharepoint.com/:f:/r/personal/ctrfs17_ctr_co_kr/Documents/%EB%A7%88%EC%BC%80%ED%8C%85%ED%8C%80/09.%20%EC%BD%98%ED%85%90%EC%B8%A0?csf=1&web=1&e=dhVlGr&nav=MTVfezE2NkYyQ0YzLTc0QzMtNDAwMS1BRTU2LTVENTM2QUQ2RjZBOH0'),
  ('권역별 메시지맵 1차 완성(검토/보완 포함)', '3aab5e3b-c911-440f-aead-33565aa20bd1', '8a5f3920-fb5d-4840-a088-e9e2985847a3', '2026-Q1', 'KR',
   'done', 'medium', 100, 0,
   0, 0, 0, '2026-02-01', '2026-02-28', 'Phaeton 설문조사 기반 시장 주요 시사점 내부 공유 완료'),
  ('권역별 메시지맵 1차 완성(검토/보완 포함)', 'd79cdd4c-7368-4126-8d78-2af86f670812', '8a5f3920-fb5d-4840-a088-e9e2985847a3', '2026-Q1', 'KR',
   'done', 'medium', 100, 0,
   0, 0, 0, '2026-02-01', '2026-02-28', 'https://ctrcentral-my.sharepoint.com/:x:/r/personal/ctrfs17_ctr_co_kr/Documents/%EB%A7%88%EC%BC%80%ED%8C%85%ED%8C%80/09.%20%EC%BD%98%ED%85%90%EC%B8%A0/%23IDEA%20STATION/Messaging%20Map%20by%20Region.xlsx?d=w0c33f02719c04aeb8c23a09e714f8a18&csf=1&web=1&e=Nf80kz&nav=MTVfezE2NkYyQ0YzLTc0QzMtNDAwMS1BRTU2LTVENTM2QUQ2RjZBOH0'),
  ('권역별 메시지맵 1차 완성(검토/보완 포함)', '54d96ea3-b6f3-46bd-8af5-5bbe495f7700', '8a5f3920-fb5d-4840-a088-e9e2985847a3', '2026-Q1', 'KR',
   'done', 'high', 100, 0,
   0, 0, 0, '2026-03-01', '2026-03-31', '-'),
  ('바이럴툴 적용/제작물 반영 및 적용 제안서 배포', '3aab5e3b-c911-440f-aead-33565aa20bd1', '8a5f3920-fb5d-4840-a088-e9e2985847a3', '2026-Q1', 'KR',
   'done', 'high', 100, 0,
   0, 0, 0, '2026-03-01', '2026-03-31', 'CIS 타겟 품목 시장 타당성 서베이 기획'),
  ('권역별 메시지맵 1차 완성(검토/보완 포함)', '5a2001ff-9f9d-4958-bd57-be8996c83c1a', '8a5f3920-fb5d-4840-a088-e9e2985847a3', '2026-Q1', 'KR',
   'done', 'high', 100, 0,
   0, 0, 0, '2026-03-01', '2026-03-31', '3월23일부터 SEA팀과 미팅 시작하여 25일까지 1차 초안 내부 공유 후 3월30일까지 피드백 반영 할 예정'),
  ('바이럴툴 적용/제작물 반영 및 적용 제안서 배포', 'd79cdd4c-7368-4126-8d78-2af86f670812', '8a5f3920-fb5d-4840-a088-e9e2985847a3', '2026-Q1', 'KR',
   'done', 'high', 100, 0,
   0, 0, 0, '2026-03-01', '2026-03-31', '• 멕시코향 brand 인지도 확장 관련 컨텐츠 발행 완료
  • 차종 Fitment 컨텐츠 3/25 이전 발행 예정
  • 브라질향 Suspension Kit 구성 데이터 확인 후 컨텐츠 발행 예정'),
  ('고객 미션, 행사 집행 계획 취합', '54d96ea3-b6f3-46bd-8af5-5bbe495f7700', '4c8d6d94-28eb-497a-86b2-5beee82e72fc', '2026-Q2', 'KR',
   'in_progress', 'medium', 50, 15000000,
   0, 0, 0, '2026-04-01', '2026-04-30', NULL),
  ('프로모션 집행, 현지 브랜딩 활동 독려', '54d96ea3-b6f3-46bd-8af5-5bbe495f7700', '4c8d6d94-28eb-497a-86b2-5beee82e72fc', '2026-Q2', 'KR',
   'in_progress', 'high', 50, 0,
   0, 0, 0, '2026-05-01', '2026-05-31', 'SteerStar 브랜딩 활동 실시
(태국)Seri - Seri expo 에서 CTR 브랜딩활동 실시 완료
 https://ctrcentral-my.sharepoint.com/:x:/r/personal/ctrfs17_ctr_co_kr/Documents/%EB%A7%88%EC%BC%80%ED%8C%85%ED%8C%80/16.%20SteerStar%20ambassador/2026/SteerStar%202026%20management.xlsx?d=w4865b7df93a743fb8b0015fcc72017bf&csf=1&web=1&e=wZ0QsT'),
  ('상반기 추가오더미션 종료 및 리워드지급', '54d96ea3-b6f3-46bd-8af5-5bbe495f7700', '4c8d6d94-28eb-497a-86b2-5beee82e72fc', '2026-Q2', 'KR',
   'in_progress', 'low', 50, 0,
   0, 0, 0, '2026-06-01', '2026-06-30', NULL),
  ('활동 독려 서포트', '54d96ea3-b6f3-46bd-8af5-5bbe495f7700', '4c8d6d94-28eb-497a-86b2-5beee82e72fc', '2026-Q3', 'KR',
   'todo', 'high', 0, 0,
   0, 0, 0, '2026-07-01', '2026-07-31', NULL),
  ('활동 독려 서포트', '54d96ea3-b6f3-46bd-8af5-5bbe495f7700', '4c8d6d94-28eb-497a-86b2-5beee82e72fc', '2026-Q3', 'KR',
   'todo', 'high', 0, 0,
   0, 0, 0, '2026-08-01', '2026-08-31', NULL),
  ('활동 독려 서포트', '54d96ea3-b6f3-46bd-8af5-5bbe495f7700', '4c8d6d94-28eb-497a-86b2-5beee82e72fc', '2026-Q3', 'KR',
   'todo', 'high', 0, 0,
   0, 0, 0, '2026-09-01', '2026-09-30', NULL),
  ('활동 종료', '54d96ea3-b6f3-46bd-8af5-5bbe495f7700', '4c8d6d94-28eb-497a-86b2-5beee82e72fc', '2026-Q4', 'KR',
   'todo', 'high', 0, 0,
   0, 0, 0, '2026-10-01', '2026-10-31', NULL),
  ('평가, 리워드 지급', '54d96ea3-b6f3-46bd-8af5-5bbe495f7700', '4c8d6d94-28eb-497a-86b2-5beee82e72fc', '2026-Q4', 'KR',
   'todo', 'low', 0, 20000000,
   0, 0, 0, '2026-11-01', '2026-11-30', NULL),
  ('연간 성과 리포트', '54d96ea3-b6f3-46bd-8af5-5bbe495f7700', '4c8d6d94-28eb-497a-86b2-5beee82e72fc', '2026-Q4', 'KR',
   'todo', 'medium', 0, 0,
   0, 0, 0, '2026-12-01', '2026-12-31', NULL),
  ('콘텐츠 제작, 광고 집행', '5a2001ff-9f9d-4958-bd57-be8996c83c1a', '20162ce4-025f-4e34-acc6-e2ffbccd217f', '2026-Q2', 'KR',
   'in_progress', 'medium', 50, 10000000,
   0, 0, 0, '2026-04-01', '2026-04-30', '태국은 SERI와 함께 촬영을 진행하기로 했고, 고객사와의 협의도 모두 완료되었습니다. 프로젝트 소개 이후 참여 의사에 대해서도 긍정적인 답변을 받은 상태이며, 현재는 촬영 업체를 선정하고 일정을 조율하고 있습니다.

추가로 CIS 지역은 촬영 일정이 미뤄지면서, 미얀마에서 PTG와 함께 진행이 가능한지 여부를 확인하고 있는 상황입니다.'),
  ('콘텐츠 제작, 광고 집행', '5a2001ff-9f9d-4958-bd57-be8996c83c1a', '20162ce4-025f-4e34-acc6-e2ffbccd217f', '2026-Q2', 'KR',
   'in_progress', 'medium', 50, 10000000,
   0, 0, 0, '2026-05-01', '2026-05-31', NULL),
  ('콘텐츠 상반기 성과 분석 리포트', '5a2001ff-9f9d-4958-bd57-be8996c83c1a', '20162ce4-025f-4e34-acc6-e2ffbccd217f', '2026-Q2', 'KR',
   'in_progress', 'medium', 50, 10000000,
   0, 0, 0, '2026-06-01', '2026-06-30', NULL),
  ('콘텐츠 제작, 광고 집행', '5a2001ff-9f9d-4958-bd57-be8996c83c1a', '20162ce4-025f-4e34-acc6-e2ffbccd217f', '2026-Q3', 'KR',
   'todo', 'high', 0, 8000000,
   0, 0, 0, '2026-07-01', '2026-07-31', NULL),
  ('콘텐츠 제작, 광고 집행', '5a2001ff-9f9d-4958-bd57-be8996c83c1a', '20162ce4-025f-4e34-acc6-e2ffbccd217f', '2026-Q3', 'KR',
   'todo', 'high', 0, 8000000,
   0, 0, 0, '2026-08-01', '2026-08-31', NULL),
  ('분기 성과 분석, 구독자 증가율 점검(Q3 80%), 광고 전략 세팅', '5a2001ff-9f9d-4958-bd57-be8996c83c1a', '20162ce4-025f-4e34-acc6-e2ffbccd217f', '2026-Q3', 'KR',
   'todo', 'medium', 0, 8000000,
   0, 0, 0, '2026-09-01', '2026-09-30', NULL),
  ('추가 고객사 발굴, 기획, 부스팅 광고 세팅', '5a2001ff-9f9d-4958-bd57-be8996c83c1a', '20162ce4-025f-4e34-acc6-e2ffbccd217f', '2026-Q4', 'KR',
   'todo', 'medium', 0, 0,
   0, 0, 0, '2026-10-01', '2026-10-31', NULL),
  ('Best Case 정리', '5a2001ff-9f9d-4958-bd57-be8996c83c1a', '20162ce4-025f-4e34-acc6-e2ffbccd217f', '2026-Q4', 'KR',
   'todo', 'medium', 0, 0,
   0, 0, 0, '2026-11-01', '2026-11-30', NULL),
  ('연간 콘텐츠 성과 리포트', '5a2001ff-9f9d-4958-bd57-be8996c83c1a', '20162ce4-025f-4e34-acc6-e2ffbccd217f', '2026-Q4', 'KR',
   'todo', 'medium', 0, 0,
   0, 0, 0, '2026-12-01', '2026-12-31', NULL),
  ('콘텐츠 기획, 제작', '54d96ea3-b6f3-46bd-8af5-5bbe495f7700', '814b3f8c-eba7-4626-8cf4-e776cf7ac28f', '2026-Q2', 'KR',
   'in_progress', 'medium', 50, 0,
   0, 0, 0, '2026-04-01', '2026-04-30', NULL),
  ('Material 및 패키지 배포', '3aab5e3b-c911-440f-aead-33565aa20bd1', '814b3f8c-eba7-4626-8cf4-e776cf7ac28f', '2026-Q2', 'KR',
   'in_progress', 'medium', 50, 0,
   0, 0, 0, '2026-04-01', '2026-04-30', NULL),
  ('현지 도착 오더 맞춰 콘텐츠 현지 온, 오프라인 채널 배포', '54d96ea3-b6f3-46bd-8af5-5bbe495f7700', '814b3f8c-eba7-4626-8cf4-e776cf7ac28f', '2026-Q2', 'KR',
   'in_progress', 'medium', 50, 0,
   0, 0, 0, '2026-05-01', '2026-05-31', NULL),
  ('Choice Kit 대상 차종 콘텐츠 및 광고 집행', '3aab5e3b-c911-440f-aead-33565aa20bd1', '814b3f8c-eba7-4626-8cf4-e776cf7ac28f', '2026-Q2', 'KR',
   'in_progress', 'medium', 50, 0,
   0, 0, 0, '2026-05-01', '2026-05-31', NULL),
  ('적용 고객 확대(Q2 100%)', '54d96ea3-b6f3-46bd-8af5-5bbe495f7700', '814b3f8c-eba7-4626-8cf4-e776cf7ac28f', '2026-Q2', 'KR',
   'in_progress', 'high', 50, 0,
   0, 0, 0, '2026-06-01', '2026-06-30', NULL),
  ('Sales & MKT 해외 출장 연계 오프라인 행사 기획', '3aab5e3b-c911-440f-aead-33565aa20bd1', '814b3f8c-eba7-4626-8cf4-e776cf7ac28f', '2026-Q2', 'KR',
   'in_progress', 'high', 50, 0,
   0, 0, 0, '2026-06-01', '2026-06-30', NULL),
  ('결과보고, 후속 기획 논의', '54d96ea3-b6f3-46bd-8af5-5bbe495f7700', '814b3f8c-eba7-4626-8cf4-e776cf7ac28f', '2026-Q3', 'KR',
   'todo', 'high', 0, 0,
   0, 0, 0, '2026-07-01', '2026-07-31', NULL),
  ('케이스 스터디 컨텐츠 고객사 및 SNS 배포 진행', '3aab5e3b-c911-440f-aead-33565aa20bd1', '814b3f8c-eba7-4626-8cf4-e776cf7ac28f', '2026-Q3', 'KR',
   'todo', 'high', 0, 0,
   0, 0, 0, '2026-07-01', '2026-07-31', NULL),
  ('프로모션 활동 콘텐츠화', '3aab5e3b-c911-440f-aead-33565aa20bd1', '814b3f8c-eba7-4626-8cf4-e776cf7ac28f', '2026-Q3', 'KR',
   'todo', 'medium', 0, 0,
   0, 0, 0, '2026-08-01', '2026-08-31', NULL),
  ('Q3 목표 80% 점검', '3aab5e3b-c911-440f-aead-33565aa20bd1', '814b3f8c-eba7-4626-8cf4-e776cf7ac28f', '2026-Q3', 'KR',
   'todo', 'medium', 0, 0,
   0, 0, 0, '2026-09-01', '2026-09-30', NULL),
  ('미적용 고객 대응, 독려', '3aab5e3b-c911-440f-aead-33565aa20bd1', '814b3f8c-eba7-4626-8cf4-e776cf7ac28f', '2026-Q4', 'KR',
   'todo', 'high', 0, 0,
   0, 0, 0, '2026-10-01', '2026-10-31', NULL),
  ('Q4 100% 달성 관리', '3aab5e3b-c911-440f-aead-33565aa20bd1', '814b3f8c-eba7-4626-8cf4-e776cf7ac28f', '2026-Q4', 'KR',
   'todo', 'high', 0, 0,
   0, 0, 0, '2026-11-01', '2026-11-30', NULL),
  ('연간 리포트', '3aab5e3b-c911-440f-aead-33565aa20bd1', '814b3f8c-eba7-4626-8cf4-e776cf7ac28f', '2026-Q4', 'KR',
   'todo', 'medium', 0, 0,
   0, 0, 0, '2026-12-01', '2026-12-31', NULL),
  ('Q2 전시/세미나 리드 수집', '54d96ea3-b6f3-46bd-8af5-5bbe495f7700', '7b4eaa39-f577-431c-a478-1cc0b8705f9a', '2026-Q2', 'KR',
   'in_progress', 'high', 50, 0,
   0, 0, 0, '2026-04-01', '2026-04-30', NULL),
  ('Q2 전시/세미나 리드 수집', '3aab5e3b-c911-440f-aead-33565aa20bd1', '7b4eaa39-f577-431c-a478-1cc0b8705f9a', '2026-Q2', 'KR',
   'in_progress', 'high', 50, 0,
   0, 0, 0, '2026-04-01', '2026-04-30', NULL),
  ('리드 전환율 개선 액션', '54d96ea3-b6f3-46bd-8af5-5bbe495f7700', '7b4eaa39-f577-431c-a478-1cc0b8705f9a', '2026-Q2', 'KR',
   'in_progress', 'high', 50, 0,
   0, 0, 0, '2026-05-01', '2026-05-31', NULL),
  ('리드 전환율 개선 액션', '3aab5e3b-c911-440f-aead-33565aa20bd1', '7b4eaa39-f577-431c-a478-1cc0b8705f9a', '2026-Q2', 'KR',
   'in_progress', 'high', 50, 0,
   0, 0, 0, '2026-05-01', '2026-05-31', NULL),
  ('Q2 성과 점검(65%)', '54d96ea3-b6f3-46bd-8af5-5bbe495f7700', '7b4eaa39-f577-431c-a478-1cc0b8705f9a', '2026-Q2', 'KR',
   'in_progress', 'medium', 50, 26500000,
   0, 0, 0, '2026-06-01', '2026-06-30', NULL),
  ('Q2 성과 점검(65%)', '3aab5e3b-c911-440f-aead-33565aa20bd1', '7b4eaa39-f577-431c-a478-1cc0b8705f9a', '2026-Q2', 'KR',
   'in_progress', 'medium', 50, 26500000,
   0, 0, 0, '2026-06-01', '2026-06-30', NULL),
  ('상반기 행사 리드 수집 & 분석', '54d96ea3-b6f3-46bd-8af5-5bbe495f7700', '7b4eaa39-f577-431c-a478-1cc0b8705f9a', '2026-Q3', 'KR',
   'todo', 'high', 0, 0,
   0, 0, 0, '2026-07-01', '2026-07-31', NULL),
  ('상반기 행사 리드 수집 & 분석', '3aab5e3b-c911-440f-aead-33565aa20bd1', '7b4eaa39-f577-431c-a478-1cc0b8705f9a', '2026-Q3', 'KR',
   'todo', 'high', 0, 0,
   0, 0, 0, '2026-07-01', '2026-07-31', NULL),
  ('전환 리드 품질 개선', '54d96ea3-b6f3-46bd-8af5-5bbe495f7700', '7b4eaa39-f577-431c-a478-1cc0b8705f9a', '2026-Q3', 'KR',
   'todo', 'high', 0, 0,
   0, 0, 0, '2026-08-01', '2026-08-31', NULL),
  ('전환 리드 품질 개선', '3aab5e3b-c911-440f-aead-33565aa20bd1', '7b4eaa39-f577-431c-a478-1cc0b8705f9a', '2026-Q3', 'KR',
   'todo', 'high', 0, 0,
   0, 0, 0, '2026-08-01', '2026-08-31', NULL),
  ('Q3 목표 85% 점검', '54d96ea3-b6f3-46bd-8af5-5bbe495f7700', '7b4eaa39-f577-431c-a478-1cc0b8705f9a', '2026-Q3', 'KR',
   'todo', 'medium', 0, 0,
   0, 0, 0, '2026-09-01', '2026-09-30', NULL),
  ('Q3 목표 85% 점검', '3aab5e3b-c911-440f-aead-33565aa20bd1', '7b4eaa39-f577-431c-a478-1cc0b8705f9a', '2026-Q3', 'KR',
   'todo', 'medium', 0, 0,
   0, 0, 0, '2026-09-01', '2026-09-30', NULL),
  ('Q4 행사 리드 수집', '54d96ea3-b6f3-46bd-8af5-5bbe495f7700', '7b4eaa39-f577-431c-a478-1cc0b8705f9a', '2026-Q4', 'KR',
   'todo', 'high', 0, 0,
   0, 0, 0, '2026-10-01', '2026-10-31', NULL),
  ('Q4 행사 리드 수집', '3aab5e3b-c911-440f-aead-33565aa20bd1', '7b4eaa39-f577-431c-a478-1cc0b8705f9a', '2026-Q4', 'KR',
   'todo', 'high', 0, 0,
   0, 0, 0, '2026-10-01', '2026-10-31', NULL),
  ('세일즈 연계 최적화', '54d96ea3-b6f3-46bd-8af5-5bbe495f7700', '7b4eaa39-f577-431c-a478-1cc0b8705f9a', '2026-Q4', 'KR',
   'todo', 'high', 0, 1575000,
   0, 0, 0, '2026-11-01', '2026-11-30', NULL),
  ('세일즈 연계 최적화', '3aab5e3b-c911-440f-aead-33565aa20bd1', '7b4eaa39-f577-431c-a478-1cc0b8705f9a', '2026-Q4', 'KR',
   'todo', 'high', 0, 1575000,
   0, 0, 0, '2026-11-01', '2026-11-30', NULL),
  ('연간 리드 성과 리포트', '54d96ea3-b6f3-46bd-8af5-5bbe495f7700', '7b4eaa39-f577-431c-a478-1cc0b8705f9a', '2026-Q4', 'KR',
   'todo', 'medium', 0, 58500000,
   0, 0, 0, '2026-12-01', '2026-12-31', NULL),
  ('연간 리드 성과 리포트', '3aab5e3b-c911-440f-aead-33565aa20bd1', '7b4eaa39-f577-431c-a478-1cc0b8705f9a', '2026-Q4', 'KR',
   'todo', 'medium', 0, 58500000,
   0, 0, 0, '2026-12-01', '2026-12-31', NULL),
  ('신규시장 패키지 적용 현황 점검', '54d96ea3-b6f3-46bd-8af5-5bbe495f7700', '8612dd8e-fbcf-4582-a07e-39f128488872', '2026-Q2', 'KR',
   'in_progress', 'medium', 50, 0,
   0, 0, 0, '2026-04-01', '2026-04-30', NULL),
  ('신규시장 패키지 적용 현황 점검', '3aab5e3b-c911-440f-aead-33565aa20bd1', '8612dd8e-fbcf-4582-a07e-39f128488872', '2026-Q2', 'KR',
   'in_progress', 'medium', 50, 0,
   0, 0, 0, '2026-04-01', '2026-04-30', NULL),
  ('신규시장 패키지 적용 현황 점검', '5a2001ff-9f9d-4958-bd57-be8996c83c1a', '8612dd8e-fbcf-4582-a07e-39f128488872', '2026-Q2', 'KR',
   'in_progress', 'medium', 50, 0,
   0, 0, 0, '2026-04-01', '2026-04-30', '동남아시아 및 오세아니아 시장을 대상으로 마케팅 패키지를 제작할 예정입니다. 2분기부터 시작해 3분기 내 배포를 완료하는 것을 목표로 하고 있으며, 현재는 메시지맵 완료 일정에 맞춰 진행 방안을 검토 중입니다.'),
  ('신규시장 패키지 적용 현황 점검', 'd79cdd4c-7368-4126-8d78-2af86f670812', '8612dd8e-fbcf-4582-a07e-39f128488872', '2026-Q2', 'KR',
   'in_progress', 'medium', 50, 0,
   0, 0, 0, '2026-04-01', '2026-04-30', '• NA: 
• LATAM:
- 칠레사무소 알바로와 Mechanic Guide 수정중'),
  ('패키지 개선(현지 피드백 반영)', '54d96ea3-b6f3-46bd-8af5-5bbe495f7700', '8612dd8e-fbcf-4582-a07e-39f128488872', '2026-Q2', 'KR',
   'in_progress', 'medium', 50, 0,
   0, 0, 0, '2026-05-01', '2026-05-31', NULL),
  ('패키지 개선(현지 피드백 반영)', '3aab5e3b-c911-440f-aead-33565aa20bd1', '8612dd8e-fbcf-4582-a07e-39f128488872', '2026-Q2', 'KR',
   'in_progress', 'medium', 50, 0,
   0, 0, 0, '2026-05-01', '2026-05-31', NULL),
  ('패키지 개선(현지 피드백 반영)', '5a2001ff-9f9d-4958-bd57-be8996c83c1a', '8612dd8e-fbcf-4582-a07e-39f128488872', '2026-Q2', 'KR',
   'in_progress', 'medium', 50, 0,
   0, 0, 0, '2026-05-01', '2026-05-31', NULL),
  ('패키지 개선(현지 피드백 반영)', 'd79cdd4c-7368-4126-8d78-2af86f670812', '8612dd8e-fbcf-4582-a07e-39f128488872', '2026-Q2', 'KR',
   'in_progress', 'medium', 50, 0,
   0, 0, 0, '2026-05-01', '2026-05-31', '• NA:
북미 영업 Sales PT 자료 수정중, 고객사에 전달할 신규 포스터, 배너, Counter Mat 디자인 배포 예정 (June week 1까지)
• LATAM: 
- 칠레사무소 알바로의 의견 반영해 Mechanic Guide 수정중'),
  ('배포 100%완료. 활용 리포트', '54d96ea3-b6f3-46bd-8af5-5bbe495f7700', '8612dd8e-fbcf-4582-a07e-39f128488872', '2026-Q2', 'KR',
   'in_progress', 'high', 50, 0,
   0, 0, 0, '2026-06-01', '2026-06-30', NULL),
  ('배포 100%완료. 활용 리포트', '3aab5e3b-c911-440f-aead-33565aa20bd1', '8612dd8e-fbcf-4582-a07e-39f128488872', '2026-Q2', 'KR',
   'in_progress', 'high', 50, 0,
   0, 0, 0, '2026-06-01', '2026-06-30', NULL),
  ('배포 100%완료. 활용 리포트', '5a2001ff-9f9d-4958-bd57-be8996c83c1a', '8612dd8e-fbcf-4582-a07e-39f128488872', '2026-Q2', 'KR',
   'in_progress', 'high', 50, 0,
   0, 0, 0, '2026-06-01', '2026-06-30', NULL),
  ('배포 100%완료. 활용 리포트', 'd79cdd4c-7368-4126-8d78-2af86f670812', '8612dd8e-fbcf-4582-a07e-39f128488872', '2026-Q2', 'KR',
   'in_progress', 'high', 50, 0,
   0, 0, 0, '2026-06-01', '2026-06-30', NULL),
  ('성과 비교 분석', '54d96ea3-b6f3-46bd-8af5-5bbe495f7700', '8612dd8e-fbcf-4582-a07e-39f128488872', '2026-Q3', 'KR',
   'todo', 'medium', 0, 0,
   0, 0, 0, '2026-07-01', '2026-07-31', NULL),
  ('성과 비교 분석', '3aab5e3b-c911-440f-aead-33565aa20bd1', '8612dd8e-fbcf-4582-a07e-39f128488872', '2026-Q3', 'KR',
   'todo', 'medium', 0, 0,
   0, 0, 0, '2026-07-01', '2026-07-31', NULL),
  ('성과 비교 분석', '5a2001ff-9f9d-4958-bd57-be8996c83c1a', '8612dd8e-fbcf-4582-a07e-39f128488872', '2026-Q3', 'KR',
   'todo', 'medium', 0, 0,
   0, 0, 0, '2026-07-01', '2026-07-31', NULL),
  ('성과 비교 분석', 'd79cdd4c-7368-4126-8d78-2af86f670812', '8612dd8e-fbcf-4582-a07e-39f128488872', '2026-Q3', 'KR',
   'todo', 'medium', 0, 0,
   0, 0, 0, '2026-07-01', '2026-07-31', NULL),
  ('추가 시장 검토', '54d96ea3-b6f3-46bd-8af5-5bbe495f7700', '8612dd8e-fbcf-4582-a07e-39f128488872', '2026-Q3', 'KR',
   'todo', 'medium', 0, 0,
   0, 0, 0, '2026-08-01', '2026-08-31', NULL),
  ('추가 시장 검토', '3aab5e3b-c911-440f-aead-33565aa20bd1', '8612dd8e-fbcf-4582-a07e-39f128488872', '2026-Q3', 'KR',
   'todo', 'medium', 0, 0,
   0, 0, 0, '2026-08-01', '2026-08-31', NULL),
  ('추가 시장 검토', '5a2001ff-9f9d-4958-bd57-be8996c83c1a', '8612dd8e-fbcf-4582-a07e-39f128488872', '2026-Q3', 'KR',
   'todo', 'medium', 0, 0,
   0, 0, 0, '2026-08-01', '2026-08-31', NULL),
  ('추가 시장 검토', 'd79cdd4c-7368-4126-8d78-2af86f670812', '8612dd8e-fbcf-4582-a07e-39f128488872', '2026-Q3', 'KR',
   'todo', 'medium', 0, 0,
   0, 0, 0, '2026-08-01', '2026-08-31', NULL),
  ('Value Prop 적용 현황 점검', '5a2001ff-9f9d-4958-bd57-be8996c83c1a', '71631217-cab5-4a77-90b6-cf676f2ba6dd', '2026-Q2', 'KR',
   'in_progress', 'medium', 50, 0,
   0, 0, 0, '2026-04-01', '2026-04-30', '커스텀 파츠와 센터 베어링은 모두 작성이 완료된 상태이며, 현재는 최종 검토만 남아 있습니다. 이후 커스텀 파츠 관련 패키지, 리플렛, 홍보자료도 이어서 마무리할 예정입니다.'),
  ('Value Prop 적용 현황 점검', '344bd318-a845-4d88-8ab2-e15801434e0a', '71631217-cab5-4a77-90b6-cf676f2ba6dd', '2026-Q2', 'KR',
   'in_progress', 'medium', 50, 0,
   0, 0, 0, '2026-04-01', '2026-04-30', 'B2C 대상 SNS 콘텐츠 업로드 예정
https://ctrcentral-my.sharepoint.com/:f:/r/personal/aftermarket_ctr_co_kr/Documents/AM%20Marketing/Digital%20Marketing/2026/%EC%8B%9C%EC%95%88%20%ED%99%95%EC%9D%B8%EC%9A%A9%20(Design%20draft)/05/Brake%20Disc?csf=1&web=1&e=9lNjun
러시아 지사의 활용 방안은 현재 확인 중
영업 전달용으로 내용이 부족한 것으로 판단되어 내용을 재구성 예정'),
  ('Value Prop 적용 현황 점검', '54d96ea3-b6f3-46bd-8af5-5bbe495f7700', '71631217-cab5-4a77-90b6-cf676f2ba6dd', '2026-Q2', 'KR',
   'in_progress', 'medium', 50, 0,
   0, 0, 0, '2026-04-01', '2026-04-30', NULL),
  ('Value Prop 적용 현황 점검', 'd79cdd4c-7368-4126-8d78-2af86f670812', '71631217-cab5-4a77-90b6-cf676f2ba6dd', '2026-Q2', 'KR',
   'in_progress', 'medium', 50, 0,
   0, 0, 0, '2026-04-01', '2026-04-30', NULL),
  ('보완 포인트 반영', '5a2001ff-9f9d-4958-bd57-be8996c83c1a', '71631217-cab5-4a77-90b6-cf676f2ba6dd', '2026-Q2', 'KR',
   'in_progress', 'medium', 50, 0,
   0, 0, 0, '2026-05-01', '2026-05-31', NULL),
  ('보완 포인트 반영', '344bd318-a845-4d88-8ab2-e15801434e0a', '71631217-cab5-4a77-90b6-cf676f2ba6dd', '2026-Q2', 'KR',
   'in_progress', 'medium', 50, 0,
   0, 0, 0, '2026-05-01', '2026-05-31', 'vp 활용한 sns 콘텐츠:
https://ctrcentral-my.sharepoint.com/:f:/r/personal/aftermarket_ctr_co_kr/Documents/AM%20Marketing/Digital%20Marketing/2026/05/0507_5%27%20Brake%20Disc%20New%20Product%20Launch%20(1)%20(IMG)?csf=1&web=1&e=P55DTG
러시아에서 vp 활용한 자료:
https://ctrcentral-my.sharepoint.com/:p:/r/personal/ctrfs15_ctr_co_kr/Documents/RUS/CTR/B03_Marketing/03_Technical%20support/_0_Technical%20presentations_FINAL/CTR_Discs_2026.pptx?d=wf652c16fd32c4a35b73f3d8385602041&csf=1&web=1&e=Z50T36
B2B VP 재구성 예정'),
  ('보완 포인트 반영', '54d96ea3-b6f3-46bd-8af5-5bbe495f7700', '71631217-cab5-4a77-90b6-cf676f2ba6dd', '2026-Q2', 'KR',
   'in_progress', 'medium', 50, 0,
   0, 0, 0, '2026-05-01', '2026-05-31', '중국차종 자료 배포완료 https://app.swit.io/share-route?route_type=project&route_variables=210331011104458ASRu%2C2512150458270654KWNK%2C2601070646231840I5BB%2C'),
  ('보완 포인트 반영', 'd79cdd4c-7368-4126-8d78-2af86f670812', '71631217-cab5-4a77-90b6-cf676f2ba6dd', '2026-Q2', 'KR',
   'in_progress', 'medium', 50, 0,
   0, 0, 0, '2026-05-01', '2026-05-31', NULL),
  ('Q2 적용률 40% 점검', '5a2001ff-9f9d-4958-bd57-be8996c83c1a', '71631217-cab5-4a77-90b6-cf676f2ba6dd', '2026-Q2', 'KR',
   'in_progress', 'medium', 50, 0,
   0, 0, 0, '2026-06-01', '2026-06-30', NULL),
  ('Q2 적용률 40% 점검', '344bd318-a845-4d88-8ab2-e15801434e0a', '71631217-cab5-4a77-90b6-cf676f2ba6dd', '2026-Q2', 'KR',
   'in_progress', 'medium', 50, 0,
   0, 0, 0, '2026-06-01', '2026-06-30', NULL),
  ('Q2 적용률 40% 점검', '54d96ea3-b6f3-46bd-8af5-5bbe495f7700', '71631217-cab5-4a77-90b6-cf676f2ba6dd', '2026-Q2', 'KR',
   'in_progress', 'medium', 50, 0,
   0, 0, 0, '2026-06-01', '2026-06-30', NULL),
  ('Q2 적용률 40% 점검', 'd79cdd4c-7368-4126-8d78-2af86f670812', '71631217-cab5-4a77-90b6-cf676f2ba6dd', '2026-Q2', 'KR',
   'in_progress', 'medium', 50, 0,
   0, 0, 0, '2026-06-01', '2026-06-30', NULL),
  ('추가 적용 확대', '5a2001ff-9f9d-4958-bd57-be8996c83c1a', '71631217-cab5-4a77-90b6-cf676f2ba6dd', '2026-Q3', 'KR',
   'todo', 'high', 0, 0,
   0, 0, 0, '2026-07-01', '2026-07-31', NULL),
  ('추가 적용 확대', '344bd318-a845-4d88-8ab2-e15801434e0a', '71631217-cab5-4a77-90b6-cf676f2ba6dd', '2026-Q3', 'KR',
   'todo', 'high', 0, 0,
   0, 0, 0, '2026-07-01', '2026-07-31', NULL),
  ('추가 적용 확대', '54d96ea3-b6f3-46bd-8af5-5bbe495f7700', '71631217-cab5-4a77-90b6-cf676f2ba6dd', '2026-Q3', 'KR',
   'todo', 'high', 0, 0,
   0, 0, 0, '2026-07-01', '2026-07-31', NULL),
  ('추가 적용 확대', 'd79cdd4c-7368-4126-8d78-2af86f670812', '71631217-cab5-4a77-90b6-cf676f2ba6dd', '2026-Q3', 'KR',
   'todo', 'high', 0, 0,
   0, 0, 0, '2026-07-01', '2026-07-31', NULL),
  ('추가 제품 검토', '5a2001ff-9f9d-4958-bd57-be8996c83c1a', '71631217-cab5-4a77-90b6-cf676f2ba6dd', '2026-Q3', 'KR',
   'todo', 'medium', 0, 0,
   0, 0, 0, '2026-08-01', '2026-08-31', NULL),
  ('추가 제품 검토', '344bd318-a845-4d88-8ab2-e15801434e0a', '71631217-cab5-4a77-90b6-cf676f2ba6dd', '2026-Q3', 'KR',
   'todo', 'medium', 0, 0,
   0, 0, 0, '2026-08-01', '2026-08-31', NULL),
  ('추가 제품 검토', '54d96ea3-b6f3-46bd-8af5-5bbe495f7700', '71631217-cab5-4a77-90b6-cf676f2ba6dd', '2026-Q3', 'KR',
   'todo', 'medium', 0, 0,
   0, 0, 0, '2026-08-01', '2026-08-31', NULL),
  ('추가 제품 검토', 'd79cdd4c-7368-4126-8d78-2af86f670812', '71631217-cab5-4a77-90b6-cf676f2ba6dd', '2026-Q3', 'KR',
   'todo', 'medium', 0, 0,
   0, 0, 0, '2026-08-01', '2026-08-31', NULL),
  ('Q3 목표 80% 진행 현황 점검', '5a2001ff-9f9d-4958-bd57-be8996c83c1a', '71631217-cab5-4a77-90b6-cf676f2ba6dd', '2026-Q3', 'KR',
   'todo', 'medium', 0, 0,
   0, 0, 0, '2026-09-01', '2026-09-30', NULL),
  ('Q3 목표 80% 진행 현황 점검', '344bd318-a845-4d88-8ab2-e15801434e0a', '71631217-cab5-4a77-90b6-cf676f2ba6dd', '2026-Q3', 'KR',
   'todo', 'medium', 0, 0,
   0, 0, 0, '2026-09-01', '2026-09-30', NULL),
  ('Q3 목표 80% 진행 현황 점검', '54d96ea3-b6f3-46bd-8af5-5bbe495f7700', '71631217-cab5-4a77-90b6-cf676f2ba6dd', '2026-Q3', 'KR',
   'todo', 'medium', 0, 0,
   0, 0, 0, '2026-09-01', '2026-09-30', NULL),
  ('Q3 목표 80% 점검', 'd79cdd4c-7368-4126-8d78-2af86f670812', '71631217-cab5-4a77-90b6-cf676f2ba6dd', '2026-Q3', 'KR',
   'todo', 'medium', 0, 0,
   0, 0, 0, '2026-09-01', '2026-09-30', NULL),
  ('Q4 적용 확산', '5a2001ff-9f9d-4958-bd57-be8996c83c1a', '71631217-cab5-4a77-90b6-cf676f2ba6dd', '2026-Q4', 'KR',
   'todo', 'high', 0, 0,
   0, 0, 0, '2026-10-01', '2026-10-31', NULL),
  ('Q4 적용 확산', '344bd318-a845-4d88-8ab2-e15801434e0a', '71631217-cab5-4a77-90b6-cf676f2ba6dd', '2026-Q4', 'KR',
   'todo', 'high', 0, 0,
   0, 0, 0, '2026-10-01', '2026-10-31', NULL),
  ('Q4 적용 확산', '54d96ea3-b6f3-46bd-8af5-5bbe495f7700', '71631217-cab5-4a77-90b6-cf676f2ba6dd', '2026-Q4', 'KR',
   'todo', 'high', 0, 0,
   0, 0, 0, '2026-10-01', '2026-10-31', NULL),
  ('Q4 적용 확산', 'd79cdd4c-7368-4126-8d78-2af86f670812', '71631217-cab5-4a77-90b6-cf676f2ba6dd', '2026-Q4', 'KR',
   'todo', 'high', 0, 0,
   0, 0, 0, '2026-10-01', '2026-10-31', NULL),
  ('100% 적용 관리', '5a2001ff-9f9d-4958-bd57-be8996c83c1a', '71631217-cab5-4a77-90b6-cf676f2ba6dd', '2026-Q4', 'KR',
   'todo', 'high', 0, 0,
   0, 0, 0, '2026-11-01', '2026-11-30', NULL),
  ('100% 적용 관리', '344bd318-a845-4d88-8ab2-e15801434e0a', '71631217-cab5-4a77-90b6-cf676f2ba6dd', '2026-Q4', 'KR',
   'todo', 'high', 0, 0,
   0, 0, 0, '2026-11-01', '2026-11-30', NULL),
  ('100% 적용 관리', '54d96ea3-b6f3-46bd-8af5-5bbe495f7700', '71631217-cab5-4a77-90b6-cf676f2ba6dd', '2026-Q4', 'KR',
   'todo', 'high', 0, 0,
   0, 0, 0, '2026-11-01', '2026-11-30', NULL),
  ('100% 적용 관리', 'd79cdd4c-7368-4126-8d78-2af86f670812', '71631217-cab5-4a77-90b6-cf676f2ba6dd', '2026-Q4', 'KR',
   'todo', 'high', 0, 0,
   0, 0, 0, '2026-11-01', '2026-11-30', NULL),
  ('연간 Value Prop 결과 리포트', '5a2001ff-9f9d-4958-bd57-be8996c83c1a', '71631217-cab5-4a77-90b6-cf676f2ba6dd', '2026-Q4', 'KR',
   'todo', 'medium', 0, 0,
   0, 0, 0, '2026-12-01', '2026-12-31', NULL),
  ('연간 Value Prop 결과 리포트', '344bd318-a845-4d88-8ab2-e15801434e0a', '71631217-cab5-4a77-90b6-cf676f2ba6dd', '2026-Q4', 'KR',
   'todo', 'medium', 0, 0,
   0, 0, 0, '2026-12-01', '2026-12-31', NULL),
  ('연간 Value Prop 결과 리포트', '54d96ea3-b6f3-46bd-8af5-5bbe495f7700', '71631217-cab5-4a77-90b6-cf676f2ba6dd', '2026-Q4', 'KR',
   'todo', 'medium', 0, 0,
   0, 0, 0, '2026-12-01', '2026-12-31', NULL),
  ('연간 Value Prop 결과 리포트', 'd79cdd4c-7368-4126-8d78-2af86f670812', '71631217-cab5-4a77-90b6-cf676f2ba6dd', '2026-Q4', 'KR',
   'todo', 'medium', 0, 0,
   0, 0, 0, '2026-12-01', '2026-12-31', NULL),
  ('Q2 프로모션 성과 분석', 'd79cdd4c-7368-4126-8d78-2af86f670812', '8e74a743-95bb-4818-bd13-052e256ff3b9', '2026-Q2', 'KR',
   'in_progress', 'medium', 50, 1500000,
   0, 0, 0, '2026-04-01', '2026-04-30', NULL),
  ('신규 기획 상품 디자인 패키지 기획', 'd79cdd4c-7368-4126-8d78-2af86f670812', '8e74a743-95bb-4818-bd13-052e256ff3b9', '2026-Q2', 'KR',
   'in_progress', 'medium', 50, 1500000,
   0, 0, 0, '2026-05-01', '2026-05-31', NULL),
  ('Q2 목표 75% 점검', 'd79cdd4c-7368-4126-8d78-2af86f670812', '8e74a743-95bb-4818-bd13-052e256ff3b9', '2026-Q2', 'KR',
   'in_progress', 'medium', 50, 1500000,
   0, 0, 0, '2026-06-01', '2026-06-30', NULL),
  ('Q3 프로모션 실행', 'd79cdd4c-7368-4126-8d78-2af86f670812', '8e74a743-95bb-4818-bd13-052e256ff3b9', '2026-Q3', 'KR',
   'todo', 'high', 0, 1500000,
   0, 0, 0, '2026-07-01', '2026-07-31', NULL),
  ('상품 촬영, 누끼 촬영, 렌더링 제작', 'd79cdd4c-7368-4126-8d78-2af86f670812', '8e74a743-95bb-4818-bd13-052e256ff3b9', '2026-Q3', 'KR',
   'todo', 'high', 0, 1500000,
   0, 0, 0, '2026-08-01', '2026-08-31', NULL),
  ('Q3 목표 95% 점검', 'd79cdd4c-7368-4126-8d78-2af86f670812', '8e74a743-95bb-4818-bd13-052e256ff3b9', '2026-Q3', 'KR',
   'todo', 'medium', 0, 1500000,
   0, 0, 0, '2026-09-01', '2026-09-30', NULL),
  ('기획상품 A+ 컨텐츠 제작', 'd79cdd4c-7368-4126-8d78-2af86f670812', '8e74a743-95bb-4818-bd13-052e256ff3b9', '2026-Q4', 'KR',
   'todo', 'medium', 0, 1500000,
   0, 0, 0, '2026-10-01', '2026-10-31', NULL),
  ('브랜드스토어 등록', 'd79cdd4c-7368-4126-8d78-2af86f670812', '8e74a743-95bb-4818-bd13-052e256ff3b9', '2026-Q4', 'KR',
   'todo', 'high', 0, 1500000,
   0, 0, 0, '2026-11-01', '2026-11-30', NULL),
  ('연간 프로모션 성과 리포트', 'd79cdd4c-7368-4126-8d78-2af86f670812', '8e74a743-95bb-4818-bd13-052e256ff3b9', '2026-Q4', 'KR',
   'todo', 'medium', 0, 1500000,
   0, 0, 0, '2026-12-01', '2026-12-31', NULL),
  ('Q2 리스크 자료 업데이트', '5a2001ff-9f9d-4958-bd57-be8996c83c1a', '67b27c64-25dd-4547-81fc-8031d8e1ab75', '2026-Q2', 'KR',
   'in_progress', 'medium', 50, 0,
   0, 0, 0, '2026-04-01', '2026-04-30', '품질팀과 논의를 통해 총 23개의 품질 대응 완료 리스트를 전달받았고, 이 중 작년에 촬영한 메카닉 핸드북에 포함되지 않은 약 10건의 주제를 추가로 선별했습니다. 이후 설계팀, 개발팀과의 추가 미팅을 통해 해당 10건 중 실제 촬영이 가능한 주제를 검토하였고, 최종적으로 4개의 주제를 선정했습니다.

따라서 해당 4건에 대한 기획 및 촬영은 5월 중 시작하여, 2분기 내 대응 자료 제작을 완료할 수 있을 것으로 예상됩니다. 또한, 올해 중 추가로 품질 클레임 해결이 완료된 사례가 생길 경우, 수량에 따라 관련 콘텐츠 제작 여부를 추가로 논의할 예정입니다.'),
  ('Q2 리스크 자료 업데이트', '344bd318-a845-4d88-8ab2-e15801434e0a', '67b27c64-25dd-4547-81fc-8031d8e1ab75', '2026-Q2', 'KR',
   'in_progress', 'medium', 50, 0,
   0, 0, 0, '2026-04-01', '2026-04-30', 'https://ctrcentral-my.sharepoint.com/:x:/r/personal/aftermarket_ctr_co_kr/Documents/AM%20Marketing/Digital%20Marketing/2025/%EC%8B%9C%EC%95%88%20%ED%99%95%EC%9D%B8%EC%9A%A9/Mechanic%20Handbook/%EB%A7%88%EC%BC%80%ED%8C%85%20%EB%8C%80%EC%9D%91%EC%9E%90%EB%A3%8C%20%EC%A0%9C%EC%9E%91%EA%B3%84%ED%9A%8D.xlsx?d=w56d4fdc47b594828af53037e7b47ffe2&csf=1&web=1&e=caZgeg
메카닉핸드북에 추가할 최종 주제 4가지 선정'),
  ('활용률 점검', '5a2001ff-9f9d-4958-bd57-be8996c83c1a', '67b27c64-25dd-4547-81fc-8031d8e1ab75', '2026-Q2', 'KR',
   'in_progress', 'medium', 50, 0,
   0, 0, 0, '2026-05-01', '2026-05-31', NULL),
  ('활용률 점검', '344bd318-a845-4d88-8ab2-e15801434e0a', '67b27c64-25dd-4547-81fc-8031d8e1ab75', '2026-Q2', 'KR',
   'in_progress', 'medium', 50, 0,
   0, 0, 0, '2026-05-01', '2026-05-31', 'https://ctrcentral-my.sharepoint.com/:x:/r/personal/aftermarket_ctr_co_kr/Documents/AM%20Marketing/Digital%20Marketing/2025/%EC%8B%9C%EC%95%88%20%ED%99%95%EC%9D%B8%EC%9A%A9/Mechanic%20Handbook/%EB%A7%88%EC%BC%80%ED%8C%85%20%EB%8C%80%EC%9D%91%EC%9E%90%EB%A3%8C%20%EC%A0%9C%EC%9E%91%EA%B3%84%ED%9A%8D.xlsx?d=w56d4fdc47b594828af53037e7b47ffe2&csf=1&web=1&e=gMFXF7
전체 클레임 23건 중 14건은 마컴팀에서 대응 가능한 건으로 확인
기존 asset으로 대응 가능한 건: 10, 신규 제작이 필요한 건: 4
현재 대응률 0%, 기존 asset으로 대응 가능한 건은 8월까지 대응 진행 예정 (대응 방식은 영업팀 대상 메일 전달 또는 AM Claim Center Teams 채널 활용 방식으로 검토 중)
신규 제작이 필요한 건은 현재 촬영 방식 및 제작 방향 논의 중'),
  ('Q2 대응률 55% 점검', '5a2001ff-9f9d-4958-bd57-be8996c83c1a', '67b27c64-25dd-4547-81fc-8031d8e1ab75', '2026-Q2', 'KR',
   'in_progress', 'medium', 50, 0,
   0, 0, 0, '2026-06-01', '2026-06-30', NULL),
  ('Q2 대응률 55% 점검', '344bd318-a845-4d88-8ab2-e15801434e0a', '67b27c64-25dd-4547-81fc-8031d8e1ab75', '2026-Q2', 'KR',
   'in_progress', 'medium', 50, 0,
   0, 0, 0, '2026-06-01', '2026-06-30', NULL),
  ('Q3 자료 보완', '5a2001ff-9f9d-4958-bd57-be8996c83c1a', '67b27c64-25dd-4547-81fc-8031d8e1ab75', '2026-Q3', 'KR',
   'todo', 'medium', 0, 0,
   0, 0, 0, '2026-07-01', '2026-07-31', NULL),
  ('Q3 자료 보완', '344bd318-a845-4d88-8ab2-e15801434e0a', '67b27c64-25dd-4547-81fc-8031d8e1ab75', '2026-Q3', 'KR',
   'todo', 'medium', 0, 0,
   0, 0, 0, '2026-07-01', '2026-07-31', NULL),
  ('현지 피드백 조사 반영', '5a2001ff-9f9d-4958-bd57-be8996c83c1a', '67b27c64-25dd-4547-81fc-8031d8e1ab75', '2026-Q3', 'KR',
   'todo', 'medium', 0, 0,
   0, 0, 0, '2026-08-01', '2026-08-31', NULL),
  ('현지 피드백 조사 반영', '344bd318-a845-4d88-8ab2-e15801434e0a', '67b27c64-25dd-4547-81fc-8031d8e1ab75', '2026-Q3', 'KR',
   'todo', 'medium', 0, 0,
   0, 0, 0, '2026-08-01', '2026-08-31', NULL),
  ('Q3 목표 70% 점검', '5a2001ff-9f9d-4958-bd57-be8996c83c1a', '67b27c64-25dd-4547-81fc-8031d8e1ab75', '2026-Q3', 'KR',
   'todo', 'medium', 0, 0,
   0, 0, 0, '2026-09-01', '2026-09-30', NULL),
  ('Q3 목표 70% 점검', '344bd318-a845-4d88-8ab2-e15801434e0a', '67b27c64-25dd-4547-81fc-8031d8e1ab75', '2026-Q3', 'KR',
   'todo', 'medium', 0, 0,
   0, 0, 0, '2026-09-01', '2026-09-30', NULL),
  ('Q4 자료 업데이트', '5a2001ff-9f9d-4958-bd57-be8996c83c1a', '67b27c64-25dd-4547-81fc-8031d8e1ab75', '2026-Q4', 'KR',
   'todo', 'medium', 0, 0,
   0, 0, 0, '2026-10-01', '2026-10-31', NULL),
  ('Q4 자료 업데이트', '344bd318-a845-4d88-8ab2-e15801434e0a', '67b27c64-25dd-4547-81fc-8031d8e1ab75', '2026-Q4', 'KR',
   'todo', 'medium', 0, 0,
   0, 0, 0, '2026-10-01', '2026-10-31', NULL),
  ('대응률 100% 관리', '5a2001ff-9f9d-4958-bd57-be8996c83c1a', '67b27c64-25dd-4547-81fc-8031d8e1ab75', '2026-Q4', 'KR',
   'todo', 'medium', 0, 0,
   0, 0, 0, '2026-11-01', '2026-11-30', NULL),
  ('대응률 100% 관리', '344bd318-a845-4d88-8ab2-e15801434e0a', '67b27c64-25dd-4547-81fc-8031d8e1ab75', '2026-Q4', 'KR',
   'todo', 'medium', 0, 0,
   0, 0, 0, '2026-11-01', '2026-11-30', NULL),
  ('연간 리스크 대응 리포트', '5a2001ff-9f9d-4958-bd57-be8996c83c1a', '67b27c64-25dd-4547-81fc-8031d8e1ab75', '2026-Q4', 'KR',
   'todo', 'medium', 0, 0,
   0, 0, 0, '2026-12-01', '2026-12-31', NULL),
  ('연간 리스크 대응 리포트', '344bd318-a845-4d88-8ab2-e15801434e0a', '67b27c64-25dd-4547-81fc-8031d8e1ab75', '2026-Q4', 'KR',
   'todo', 'medium', 0, 0,
   0, 0, 0, '2026-12-01', '2026-12-31', NULL),
  ('Q2 참여 고객 확대', '344bd318-a845-4d88-8ab2-e15801434e0a', '9d6c5217-b3f5-4c31-9fa9-2cb4a7257368', '2026-Q2', 'KR',
   'in_progress', 'high', 50, 0,
   0, 0, 0, '2026-04-01', '2026-04-30', 'https://ctrcentral-my.sharepoint.com/:f:/r/personal/ctrfs17_ctr_co_kr/Documents/%EB%A7%88%EC%BC%80%ED%8C%85%ED%8C%80/10.%20POS/BizRewards?csf=1&web=1&e=Cb2OCa
가입 고객사 수: 50
기존 KPI를 약 170% 초과 달성함에 따라 ‘가입 고객사 중 40% 직접 활용’을 새로운 KPI로 재설정'),
  ('온보딩/가이드 점검 개선', '344bd318-a845-4d88-8ab2-e15801434e0a', '9d6c5217-b3f5-4c31-9fa9-2cb4a7257368', '2026-Q2', 'KR',
   'in_progress', 'medium', 50, 0,
   0, 0, 0, '2026-05-01', '2026-05-31', 'https://ctrcentral-my.sharepoint.com/:p:/r/personal/ctrfs17_ctr_co_kr/Documents/%EB%A7%88%EC%BC%80%ED%8C%85%ED%8C%80/10.%20POS/BizRewards/BizRewards%20%EB%9F%B0%EC%B9%AD%20%EC%BA%A0%ED%8E%98%EC%9D%B8%20%EC%84%B1%EA%B3%BC%20%EB%B3%B4%EA%B3%A0%EC%84%9C.pptx?d=w64bad8a1bb6e4a54871114c8ad78017e&csf=1&web=1&e=j3Cs4N'),
  ('Q2 목표 30% 점검', '344bd318-a845-4d88-8ab2-e15801434e0a', '9d6c5217-b3f5-4c31-9fa9-2cb4a7257368', '2026-Q2', 'KR',
   'in_progress', 'medium', 50, 20000000,
   0, 0, 0, '2026-06-01', '2026-06-30', NULL),
  ('Q3 참여 확대', '344bd318-a845-4d88-8ab2-e15801434e0a', '9d6c5217-b3f5-4c31-9fa9-2cb4a7257368', '2026-Q3', 'KR',
   'todo', 'high', 0, 0,
   0, 0, 0, '2026-07-01', '2026-07-31', NULL),
  ('참여율 개선 액션', '344bd318-a845-4d88-8ab2-e15801434e0a', '9d6c5217-b3f5-4c31-9fa9-2cb4a7257368', '2026-Q3', 'KR',
   'todo', 'high', 0, 12500000,
   0, 0, 0, '2026-08-01', '2026-08-31', NULL),
  ('Q3 목표 60% 점검', '344bd318-a845-4d88-8ab2-e15801434e0a', '9d6c5217-b3f5-4c31-9fa9-2cb4a7257368', '2026-Q3', 'KR',
   'todo', 'medium', 0, 0,
   0, 0, 0, '2026-09-01', '2026-09-30', NULL),
  ('Q4 확산 캠페인', '344bd318-a845-4d88-8ab2-e15801434e0a', '9d6c5217-b3f5-4c31-9fa9-2cb4a7257368', '2026-Q4', 'KR',
   'todo', 'high', 0, 0,
   0, 0, 0, '2026-10-01', '2026-10-31', NULL),
  ('100% 달성 관리', '344bd318-a845-4d88-8ab2-e15801434e0a', '9d6c5217-b3f5-4c31-9fa9-2cb4a7257368', '2026-Q4', 'KR',
   'todo', 'high', 0, 0,
   0, 0, 0, '2026-11-01', '2026-11-30', NULL),
  ('연간 운영 성과 리포트', '344bd318-a845-4d88-8ab2-e15801434e0a', '9d6c5217-b3f5-4c31-9fa9-2cb4a7257368', '2026-Q4', 'KR',
   'todo', 'medium', 0, 0,
   0, 0, 0, '2026-12-01', '2026-12-31', NULL),
  ('콘텐츠 성과 중간 점검', '344bd318-a845-4d88-8ab2-e15801434e0a', 'acf42254-5f77-41bd-ac73-8994e8c89ebe', '2026-Q2', 'KR',
   'in_progress', 'medium', 50, 0,
   0, 0, 0, '2026-04-01', '2026-04-30', '18,914,725'),
  ('고효율 포맷 확장', '344bd318-a845-4d88-8ab2-e15801434e0a', 'acf42254-5f77-41bd-ac73-8994e8c89ebe', '2026-Q2', 'KR',
   'in_progress', 'high', 50, 0,
   0, 0, 0, '2026-05-01', '2026-05-31', '5월 수치 확인 중'),
  ('Q2 목표 65% 점검', '344bd318-a845-4d88-8ab2-e15801434e0a', 'acf42254-5f77-41bd-ac73-8994e8c89ebe', '2026-Q2', 'KR',
   'in_progress', 'medium', 50, 0,
   0, 0, 0, '2026-06-01', '2026-06-30', NULL),
  ('콘텐츠 최적화', '344bd318-a845-4d88-8ab2-e15801434e0a', 'acf42254-5f77-41bd-ac73-8994e8c89ebe', '2026-Q3', 'KR',
   'todo', 'high', 0, 0,
   0, 0, 0, '2026-07-01', '2026-07-31', NULL),
  ('저성과 콘텐츠 개선', '344bd318-a845-4d88-8ab2-e15801434e0a', 'acf42254-5f77-41bd-ac73-8994e8c89ebe', '2026-Q3', 'KR',
   'todo', 'medium', 0, 0,
   0, 0, 0, '2026-08-01', '2026-08-31', NULL),
  ('Q3 목표 80% 점검', '344bd318-a845-4d88-8ab2-e15801434e0a', 'acf42254-5f77-41bd-ac73-8994e8c89ebe', '2026-Q3', 'KR',
   'todo', 'medium', 0, 0,
   0, 0, 0, '2026-09-01', '2026-09-30', NULL),
  ('Q4 성과 극대화', '344bd318-a845-4d88-8ab2-e15801434e0a', 'acf42254-5f77-41bd-ac73-8994e8c89ebe', '2026-Q4', 'KR',
   'todo', 'high', 0, 0,
   0, 0, 0, '2026-10-01', '2026-10-31', NULL),
  ('지표 안정화', '344bd318-a845-4d88-8ab2-e15801434e0a', 'acf42254-5f77-41bd-ac73-8994e8c89ebe', '2026-Q4', 'KR',
   'todo', 'medium', 0, 0,
   0, 0, 0, '2026-11-01', '2026-11-30', NULL),
  ('연간 Engagement 리포트', '344bd318-a845-4d88-8ab2-e15801434e0a', 'acf42254-5f77-41bd-ac73-8994e8c89ebe', '2026-Q4', 'KR',
   'todo', 'medium', 0, 0,
   0, 0, 0, '2026-12-01', '2026-12-31', NULL),
  ('광고/클릭 효율 중간 점검', '5a2001ff-9f9d-4958-bd57-be8996c83c1a', 'f5ddfc2c-c382-4b5e-97b0-f0c27f75f6db', '2026-Q2', 'KR',
   'in_progress', 'medium', 50, 0,
   0, 0, 0, '2026-04-01', '2026-04-30', '4월 3주차 기준 약 415,621을 달성하였으며, 이는 연간 KPI 대비 약 10% 수준입니다.
2분기부터는 보다 공격적인 광고 집행과 세팅 최적화를 통해 달성률을 높일 예정입니다.
또한 1월부터 4월까지 CPC와 Link Click 모두 지속적으로 증가하는 추세를 보이고 있습니다.'),
  ('고효율 조합 확대', '5a2001ff-9f9d-4958-bd57-be8996c83c1a', 'f5ddfc2c-c382-4b5e-97b0-f0c27f75f6db', '2026-Q2', 'KR',
   'in_progress', 'high', 50, 0,
   0, 0, 0, '2026-05-01', '2026-05-31', NULL),
  ('Q2 목표 65% 점검', '5a2001ff-9f9d-4958-bd57-be8996c83c1a', 'f5ddfc2c-c382-4b5e-97b0-f0c27f75f6db', '2026-Q2', 'KR',
   'in_progress', 'medium', 50, 100000000,
   0, 0, 0, '2026-06-01', '2026-06-30', NULL),
  ('Q3 캠페인 최적화', '5a2001ff-9f9d-4958-bd57-be8996c83c1a', 'f5ddfc2c-c382-4b5e-97b0-f0c27f75f6db', '2026-Q3', 'KR',
   'todo', 'high', 0, 0,
   0, 0, 0, '2026-07-01', '2026-07-31', NULL),
  ('비효율 제거', '5a2001ff-9f9d-4958-bd57-be8996c83c1a', 'f5ddfc2c-c382-4b5e-97b0-f0c27f75f6db', '2026-Q3', 'KR',
   'todo', 'medium', 0, 0,
   0, 0, 0, '2026-08-01', '2026-08-31', NULL),
  ('Q3 목표 80% 점검', '5a2001ff-9f9d-4958-bd57-be8996c83c1a', 'f5ddfc2c-c382-4b5e-97b0-f0c27f75f6db', '2026-Q3', 'KR',
   'todo', 'medium', 0, 100000000,
   0, 0, 0, '2026-09-01', '2026-09-30', NULL),
  ('Q4 성과 증대', '5a2001ff-9f9d-4958-bd57-be8996c83c1a', 'f5ddfc2c-c382-4b5e-97b0-f0c27f75f6db', '2026-Q4', 'KR',
   'todo', 'high', 0, 0,
   0, 0, 0, '2026-10-01', '2026-10-31', NULL),
  ('지표 안정화 작업', '5a2001ff-9f9d-4958-bd57-be8996c83c1a', 'f5ddfc2c-c382-4b5e-97b0-f0c27f75f6db', '2026-Q4', 'KR',
   'todo', 'medium', 0, 0,
   0, 0, 0, '2026-11-01', '2026-11-30', NULL),
  ('연간 광고 성과 리포트', '5a2001ff-9f9d-4958-bd57-be8996c83c1a', 'f5ddfc2c-c382-4b5e-97b0-f0c27f75f6db', '2026-Q4', 'KR',
   'todo', 'medium', 0, 57000000,
   0, 0, 0, '2026-12-01', '2026-12-31', NULL),
  ('메시지 적용 현황 점검', '54d96ea3-b6f3-46bd-8af5-5bbe495f7700', '8a5f3920-fb5d-4840-a088-e9e2985847a3', '2026-Q2', 'KR',
   'in_progress', 'medium', 50, 0,
   0, 0, 0, '2026-04-01', '2026-04-30', NULL),
  ('메시지 적용 현황 점검', '3aab5e3b-c911-440f-aead-33565aa20bd1', '8a5f3920-fb5d-4840-a088-e9e2985847a3', '2026-Q2', 'KR',
   'in_progress', 'medium', 50, 0,
   0, 0, 0, '2026-04-01', '2026-04-30', NULL),
  ('메시지 적용 현황 점검', '5a2001ff-9f9d-4958-bd57-be8996c83c1a', '8a5f3920-fb5d-4840-a088-e9e2985847a3', '2026-Q2', 'KR',
   'in_progress', 'medium', 50, 0,
   0, 0, 0, '2026-04-01', '2026-04-30', '영업팀 담당자들의 의견을 모두 수렴해 Message Map 시트에 반영한 상태이며, 현재는 최종 검토와 내용 정리만 남아 있습니다. 추후 아이데이션 미팅을 통해 최종 확정할 예정이며, 이를 기반으로 세일즈 키트 홍보물도 제작할 계획입니다.'),
  ('메시지 적용 현황 점검', 'd79cdd4c-7368-4126-8d78-2af86f670812', '8a5f3920-fb5d-4840-a088-e9e2985847a3', '2026-Q2', 'KR',
   'in_progress', 'medium', 50, 0,
   0, 0, 0, '2026-04-01', '2026-04-30', NULL),
  ('보완 메시지 반영', '54d96ea3-b6f3-46bd-8af5-5bbe495f7700', '8a5f3920-fb5d-4840-a088-e9e2985847a3', '2026-Q2', 'KR',
   'in_progress', 'medium', 50, 0,
   0, 0, 0, '2026-05-01', '2026-05-31', NULL),
  ('보완 메시지 반영', '3aab5e3b-c911-440f-aead-33565aa20bd1', '8a5f3920-fb5d-4840-a088-e9e2985847a3', '2026-Q2', 'KR',
   'in_progress', 'medium', 50, 0,
   0, 0, 0, '2026-05-01', '2026-05-31', NULL),
  ('보완 메시지 반영', '5a2001ff-9f9d-4958-bd57-be8996c83c1a', '8a5f3920-fb5d-4840-a088-e9e2985847a3', '2026-Q2', 'KR',
   'in_progress', 'medium', 50, 0,
   0, 0, 0, '2026-05-01', '2026-05-31', NULL),
  ('보완 메시지 반영', 'd79cdd4c-7368-4126-8d78-2af86f670812', '8a5f3920-fb5d-4840-a088-e9e2985847a3', '2026-Q2', 'KR',
   'in_progress', 'medium', 50, 0,
   0, 0, 0, '2026-05-01', '2026-05-31', NULL),
  ('Q2 100% 적용 완료', '54d96ea3-b6f3-46bd-8af5-5bbe495f7700', '8a5f3920-fb5d-4840-a088-e9e2985847a3', '2026-Q2', 'KR',
   'in_progress', 'high', 50, 0,
   0, 0, 0, '2026-06-01', '2026-06-30', NULL),
  ('Q2 100% 적용 완료', '3aab5e3b-c911-440f-aead-33565aa20bd1', '8a5f3920-fb5d-4840-a088-e9e2985847a3', '2026-Q2', 'KR',
   'in_progress', 'high', 50, 0,
   0, 0, 0, '2026-06-01', '2026-06-30', NULL),
  ('Q2 100% 적용 완료', '5a2001ff-9f9d-4958-bd57-be8996c83c1a', '8a5f3920-fb5d-4840-a088-e9e2985847a3', '2026-Q2', 'KR',
   'in_progress', 'high', 50, 0,
   0, 0, 0, '2026-06-01', '2026-06-30', NULL),
  ('Q2 100% 적용 완료', 'd79cdd4c-7368-4126-8d78-2af86f670812', '8a5f3920-fb5d-4840-a088-e9e2985847a3', '2026-Q2', 'KR',
   'in_progress', 'high', 50, 0,
   0, 0, 0, '2026-06-01', '2026-06-30', NULL),
  ('New arrivals 대상 품목 확정 및 기존 Value Prop 정리_송하영', '3aab5e3b-c911-440f-aead-33565aa20bd1', NULL, '2026-Q1', 'KR',
   'done', 'medium', 100, 0,
   0, 0, 0, '2026-01-01', '2026-01-31', '수급 완료. https://app.swit.io/share-route?route_type=project&route_variables=210331011104458ASRu%2C2512150458270654KWNK%2C251110080237933NUPNT%2C'),
  ('Chago 상품 Promotion 및 컨텐츠 업데이트/New 기획상품 및 미러세트 패키징', 'd79cdd4c-7368-4126-8d78-2af86f670812', NULL, '2026-Q1', 'KR',
   'done', 'medium', 100, 0,
   0, 0, 0, '2026-02-01', '2026-02-28', '• Tire Pressure Gauge 패키징 디자인 완료 (카드 참조), Mirror Set 제품 패키징 준비 완료 (부속품 및 패키지 벨트 3월 중으로 완료 예정).
  • Amazon 월별 컨텐츠 100% 업데이트 완료.
  • LATAM향 GE0005 프로모션 기획중');